timestamp,x,y
203725,1410,307
203725,1368,308
203725,1415,273
203726,1514,116
203726,1576,103
203726,1609,116
203726,1622,105
203726,1641,59
203726,1627,53
203726,1563,59
203726,1561,106
203726,1474,314
203726,1424,475
203726,1348,556
203726,1257,764
203726,1237,846
203726,1225,923
203726,1179,973
203726,1164,955
203726,1073,954
203726,1055,990
203726,1056,999
203726,767,542
203726,326,419
203726,327,289
203727,311,211
203727,318,129
203727,339,112
203727,345,107
203727,386,56
203727,392,39
203727,393,41
203727,382,38
203727,385,40
203727,369,43
203727,378,51
203727,1107,219
203727,1148,208
203727,1176,203
203727,1278,178
203727,1271,181
203727,1274,179
203727,1290,168
203727,1273,172
203727,985,114
203727,935,114
203728,834,84
203728,823,75
203728,837,74
203728,785,388
203728,735,831
203728,732,952
203728,779,975
203728,813,942
203728,952,206
203728,914,208
203728,896,165
203728,913,153
203728,968,187
203728,1349,304
203728,1376,351
203728,1404,452
203728,879,362
203728,531,300
203728,478,337
203728,485,400
203728,849,645
203729,818,742
203729,751,791
203729,736,786
203729,697,819
203729,644,867
203729,589,882
203729,584,969
203729,513,1079
203729,560,1079
203729,612,1079
203729,622,1079
203729,621,1079
203729,621,1079
203729,719,1079
203729,772,1046
203729,798,1014
203729,1065,471
203729,1376,548
203729,1458,549
203729,1574,539
203729,1645,521
203730,1700,508
203730,1705,509
203730,1714,517
203730,1712,529
203730,1711,534
203730,1683,551
203730,1677,567
203730,1660,576
203730,1646,576
203730,1626,568
203730,1618,568
203730,1607,583
203730,1589,595
203730,1586,607
203730,1582,611
203730,1584,637
203730,1596,635
203730,1594,634
203730,1518,753
203730,1535,771
203730,1619,723
203730,1674,660
203731,1740,501
203731,1777,434
203731,1807,392
203731,1822,368
203731,1827,353
203731,1830,343
203731,1853,323
203731,1853,323
203731,1853,323
203731,1853,323
203731,1853,323
203731,1853,323
203731,1853,323
203731,1853,323
203731,1853,323
203731,1853,323
203731,1853,323
203731,0,0
203731,0,0
203731,0,0
203731,0,0
203732,0,0
203732,0,0
203732,0,0
203732,0,0
203732,0,0
203732,0,0
203732,0,0
203732,0,0
203732,0,0
203732,0,0
203732,0,0
203732,0,0
203732,0,0
203732,0,0
203732,0,0
203732,0,0
203732,0,0
203732,0,0
203732,0,0
203732,0,0
203732,0,0
203733,0,0
203733,0,0
203733,0,0
203733,0,0
203733,0,0
203733,0,0
203733,0,0
203746,1493,614
203746,1477,610
203746,1474,594
203747,1481,563
203747,1491,540
203747,1530,522
203747,1608,503
203747,1592,507
203747,1614,485
203747,1682,491
203747,1701,488
203747,1721,436
203747,1744,432
203747,1746,439
203747,1747,445
203747,1757,427
203747,1769,424
203747,1775,421
203747,1757,422
203747,1779,433
203747,1737,426
203747,1716,428
203747,1693,440
203747,1379,403
203748,1395,418
203748,1013,730
203748,901,1019
203748,904,1010
203748,851,1079
203748,837,1079
203748,822,1079
203748,790,1079
203748,794,1079
203748,632,1079
203748,647,1079
203748,654,1079
203748,661,1079
203748,661,1079
203748,660,1079
203748,661,1079
203748,801,813
203748,948,259
203748,1053,248
203748,1107,278
203748,1205,279
203748,1229,247
203749,1331,241
203749,1394,254
203749,1521,290
203749,1555,301
203749,1654,351
203749,1705,384
203749,1717,395
203749,1716,419
203749,1723,461
203749,1722,469
203749,1774,507
203749,1794,516
203749,1801,512
203749,1790,510
203749,1758,500
203749,1748,493
203749,1740,488
203749,1734,479
203749,1736,471
203749,1740,467
203749,1728,464
203750,1696,456
203750,1668,451
203750,1659,452
203750,1646,453
203750,1640,454
203750,1630,455
203750,1631,455
203750,1632,455
203750,1632,456
203750,1641,448
203750,1641,448
203750,1659,436
203750,1667,428
203750,1661,424
203750,1264,316
203750,893,175
203750,823,149
203750,831,165
203750,1092,262
203750,1099,295
203750,1126,306
203751,1147,304
203751,1203,221
203751,1191,216
203751,1078,651
203751,1082,674
203751,1030,1079
203751,1030,1079
203751,1193,399
203751,1194,363
203751,1185,306
203751,1188,289
203751,1126,225
203751,1053,177
203751,970,129
203751,939,116
203751,937,90
203751,934,74
203751,933,74
203751,943,88
203751,944,95
203751,953,108
203751,976,129
203752,985,138
203752,1003,153
203752,1034,172
203752,1028,178
203752,725,123
203752,657,104
203752,464,55
203752,173,0
203752,106,21
203752,88,34
203752,79,51
203752,82,73
203752,105,72
203752,140,82
203752,252,97
203752,318,99
203752,336,107
203752,343,107
203752,377,110
203752,398,117
203752,395,119
203753,388,118
203753,387,116
203753,371,115
203753,367,115
203753,317,118
203753,317,118
203753,229,103
203753,218,101
203753,225,100
203753,220,99
203753,210,92
203753,196,82
203753,179,51
203753,186,36
203753,187,31
203753,206,15
203753,218,12
203753,257,19
203753,283,24
203753,354,44
203753,395,57
203754,425,65
203754,459,78
203754,504,90
203754,513,93
203754,517,90
203754,514,79
203754,508,66
203754,502,59
203754,486,52
203754,486,52
203754,465,42
203754,466,43
203754,460,40
203754,461,40
203754,465,41
203754,471,41
203754,485,43
203754,494,44
203754,511,46
203754,537,50
203754,537,49
203754,560,53
203755,629,55
203755,663,58
203755,727,65
203755,762,72
203755,814,85
203755,932,95
203755,955,88
203755,981,83
203755,988,76
203755,999,71
203755,1045,91
203755,1065,102
203755,1122,139
203755,1116,137
203755,1118,136
203755,1130,136
203755,1152,139
203755,1198,130
203755,1226,125
203755,1261,94
203755,1276,62
203756,1298,20
203756,1301,0
203756,973,0
203756,905,0
203756,721,0
203756,643,0
203756,476,0
203756,452,0
203756,410,0
203756,376,0
203756,394,4
203756,1193,192
203756,1271,182
203756,1315,156
203756,1382,100
203756,1402,75
203756,1422,27
203756,1435,47
203756,1457,64
203756,1465,128
203756,1428,242
203756,1042,289
203757,987,293
203757,876,281
203757,808,264
203757,735,253
203757,664,271
203757,633,263
203757,634,294
203757,417,1079
203757,441,1079
203757,557,765
203757,603,661
203757,632,570
203757,664,474
203757,671,441
203757,684,366
203757,676,360
203757,662,330
203757,657,295
203757,642,264
203757,621,248
203757,606,251
203758,560,236
203758,537,226
203758,503,211
203758,486,207
203758,466,202
203758,420,196
203758,409,196
203758,403,198
203758,408,214
203758,409,213
203758,413,225
203758,418,230
203758,431,246
203758,445,255
203758,470,258
203758,475,255
203758,478,242
203758,477,198
203758,465,175
203758,455,152
203758,422,118
203759,412,109
203759,399,105
203759,399,111
203759,404,114
203759,440,197
203759,496,254
203759,630,351
203759,680,371
203759,662,426
203759,673,468
203759,677,493
203759,681,486
203759,694,483
203759,702,499
203759,699,506
203759,680,526
203759,666,524
203759,665,522
203759,663,530
203759,660,534
203759,657,546
203759,695,545
203800,754,553
203800,891,536
203800,936,522
203800,1033,485
203800,1109,471
203800,1276,446
203800,1341,452
203800,1373,467
203800,1376,471
203800,1368,466
203800,1379,473
203800,1372,476
203800,1366,476
203800,1331,481
203800,1279,492
203800,931,418
203800,823,428
203800,765,426
203800,650,421
203800,567,405
203800,527,399
203801,459,380
203801,459,375
203801,489,381
203801,1272,564
203801,1315,571
203801,1414,563
203801,1448,548
203801,1501,497
203801,1513,471
203801,1532,443
203801,1545,427
203801,1561,420
203801,1558,416
203801,1557,408
203801,1556,401
203801,1540,378
203801,1486,333
203801,1327,244
203801,1302,234
203801,1221,225
203801,1066,208
203802,984,216
203802,912,234
203802,884,240
203802,841,238
203802,803,245
203802,797,266
203802,756,285
203802,658,332
203802,629,333
203802,534,330
203802,441,300
203802,326,265
203802,244,245
203802,198,229
203802,162,217
203802,135,206
203802,83,188
203802,64,181
203802,69,146
203802,54,128
203802,30,90
203802,21,69
203803,21,64
203803,21,64
203803,378,458
203803,379,455
203803,366,494
203803,863,1071
203803,852,1079
203803,947,861
203803,1059,464
203803,1060,373
203803,1066,263
203803,1049,191
203803,1031,189
203803,975,151
203803,980,131
203803,1023,150
203803,1074,167
203803,1194,189
203803,1246,194
203803,1271,193
203803,1252,178
203804,1245,173
203804,943,104
203804,927,100
203804,882,97
203804,857,98
203804,830,93
203804,814,94
203804,819,93
203804,827,93
203804,833,88
203804,848,89
203804,897,97
203804,1223,162
203804,1251,163
203804,1306,151
203804,1313,150
203804,1367,143
203804,1385,137
203804,1392,136
203804,1411,140
203804,1412,142
203805,1410,140
203805,1408,141
203805,1408,143
203805,1404,142
203805,1404,142
203805,1428,141
203805,1443,137
203805,1481,129
203805,1503,106
203805,1521,93
203805,1537,62
203805,1541,56
203805,1546,58
203805,1552,63
203805,1577,67
203805,1587,68
203805,1596,66
203805,1628,72
203805,1646,78
203805,1657,81
203805,851,0
203806,833,0
203806,691,32
203806,636,48
203806,570,120
203806,537,148
203806,526,174
203806,415,184
203806,363,176
203806,307,167
203806,280,158
203806,307,157
203806,1267,330
203806,1295,272
203806,1333,224
203806,1398,132
203806,1440,99
203806,1522,72
203806,1537,74
203806,1586,48
203806,1593,33
203806,1591,27
203806,1603,22
203807,1619,21
203807,1630,14
203807,1630,17
203807,1675,29
203807,1665,31
203807,1660,31
203807,1624,36
203807,1600,33
203807,1573,33
203807,1531,25
203807,1510,26
203807,1471,27
203807,1105,0
203807,552,33
203807,508,74
203807,471,132
203807,496,158
203807,526,153
203807,542,152
203807,610,177
203807,676,194
203808,804,210
203808,877,218
203808,954,227
203808,1012,233
203808,1046,238
203808,1098,237
203808,1065,237
203808,468,139
203808,462,146
203808,454,176
203808,454,183
203808,449,179
203808,449,179
203808,446,186
203808,449,188
203808,448,198
203808,451,213
203808,468,247
203808,486,266
203808,502,297
203808,509,296
203809,515,293
203809,505,300
203809,499,303
203809,489,312
203809,479,320
203809,401,360
203809,396,381
203809,432,448
203809,860,557
203809,915,558
203809,948,551
203809,1020,519
203809,1029,500
203809,1048,470
203809,1057,459
203809,1089,430
203809,1093,426
203809,1107,405
203809,1102,404
203809,1048,399
203809,991,385
203810,910,364
203810,870,354
203810,768,327
203810,731,316
203810,668,298
203810,561,279
203810,518,276
203810,473,285
203810,448,295
203810,439,334
203810,428,360
203810,413,368
203810,413,368
203810,408,364
203810,398,364
203810,400,367
203810,403,367
203810,731,446
203810,755,468
203810,802,515
203810,833,537
203810,868,547
203811,878,544
203811,893,542
203811,915,526
203811,919,524
203811,920,521
203811,917,522
203811,912,523
203811,911,523
203811,877,515
203811,804,499
203811,657,474
203811,592,463
203811,483,464
203811,434,452
203811,382,455
203811,362,461
203811,333,474
203811,356,475
203811,400,455
203811,509,386
203811,575,361
203812,614,338
203812,699,307
203812,733,306
203812,1053,348
203812,1143,328
203812,1169,322
203812,1238,302
203812,1258,294
203812,1278,288
203812,1247,292
203812,1096,273
203812,1096,273
203812,917,250
203812,846,238
203812,726,214
203812,685,204
203812,526,159
203812,502,152
203812,429,137
203812,414,141
203812,402,147
203813,395,156
203813,397,155
203813,394,158
203813,728,238
203813,872,286
203813,900,312
203813,947,449
203813,947,449
203813,988,516
203813,1110,585
203813,1224,609
203813,1347,625
203813,1514,650
203813,1539,644
203813,1597,594
203813,1637,576
203813,1675,564
203813,1680,558
203813,1682,551
203813,1733,563
203813,1835,556
203813,1919,570
203814,1919,577
203814,1919,531
203814,1857,404
203814,1854,388
203814,1816,372
203814,1655,313
203814,1601,283
203814,1420,309
203814,1417,367
203814,1373,480
203814,1148,1055
203814,1077,1079
203814,1047,1079
203814,972,1079
203814,1052,538
203814,604,413
203814,590,378
203814,489,250
203814,395,180
203814,297,120
203814,200,69
203815,167,67
203815,163,29
203815,186,26
203815,220,5
203815,243,0
203815,313,3
203815,393,2
203815,431,12
203815,423,24
203815,419,32
203815,407,57
203815,404,83
203815,374,153
203815,353,151
203815,313,166
203815,234,137
203815,187,142
203815,177,142
203815,228,146
203815,301,156
203815,490,164
203816,541,180
203816,448,522
203816,487,536
203816,524,546
203816,700,282
203816,736,277
203816,765,260
203816,817,228
203816,828,215
203816,870,186
203816,884,177
203816,895,164
203816,994,172
203816,1056,181
203816,1167,181
203816,1189,184
203816,1178,190
203816,1148,183
203816,1139,181
203816,1078,159
203816,1039,149
203816,1015,143
203817,939,133
203817,900,131
203817,808,132
203817,778,133
203817,731,142
203817,731,142
203817,648,146
203817,585,159
203817,554,164
203817,536,227
203817,525,252
203817,520,262
203817,521,266
203817,523,260
203817,523,254
203817,526,250
203817,526,247
203817,525,245
203817,523,242
203817,521,236
203817,521,231
203818,520,229
203818,520,229
203818,520,233
203818,519,233
203818,512,236
203818,507,245
203818,509,260
203818,524,263
203818,522,279
203818,514,279
203818,502,283
203818,493,303
203818,494,314
203818,505,332
203818,515,334
203818,568,341
203818,583,343
203818,602,345
203818,606,339
203818,640,340
203818,647,330
203819,646,325
203819,648,324
203819,645,323
203819,645,318
203819,632,306
203819,605,294
203819,595,284
203819,578,258
203819,577,240
203819,574,209
203819,573,203
203819,573,194
203819,561,183
203819,560,182
203819,553,181
203819,545,185
203819,543,201
203819,532,249
203819,531,260
203819,533,273
203819,541,294
203819,562,316
203820,562,316
203820,686,333
203820,749,342
203820,831,341
203820,849,340
203820,871,338
203820,877,338
203820,879,327
203820,879,305
203820,881,298
203820,875,279
203820,855,267
203820,749,210
203820,684,186
203820,637,167
203820,578,142
203820,577,132
203820,586,128
203820,572,125
203820,567,127
203820,360,1004
203821,380,987
203821,467,1028
203821,591,1034
203821,774,1036
203821,914,1001
203821,985,963
203821,1081,869
203821,1089,817
203821,1090,746
203821,1085,741
203821,1085,730
203821,1092,679
203821,1105,626
203821,1118,545
203821,1137,459
203821,1147,409
203821,756,307
203821,700,290
203821,543,255
203821,478,236
203821,417,222
203822,417,222
203822,375,216
203822,373,218
203822,386,224
203822,394,226
203822,407,237
203822,413,238
203822,423,253
203822,428,293
203822,433,308
203822,441,344
203822,439,360
203822,447,358
203822,443,371
203822,448,384
203822,448,416
203822,467,429
203822,1034,578
203822,1087,602
203822,1119,610
203822,1182,626
203822,1198,629
203823,1218,633
203823,1236,642
203823,1269,654
203823,1290,657
203823,1306,661
203823,1511,704
203823,1919,859
203823,1919,841
203823,1919,843
203823,1919,800
203823,1919,772
203823,1919,745
203823,1873,677
203823,1852,658
203823,1819,642
203823,1719,614
203823,1702,605
203823,1661,582
203823,1636,569
203823,1581,548
203823,849,378
203824,839,387
203824,764,402
203824,749,402
203824,665,388
203824,631,377
203824,571,366
203824,504,344
203824,421,324
203824,344,306
203824,315,310
203824,271,290
203824,177,229
203824,162,209
203824,175,194
203824,185,181
203824,179,174
203824,156,174
203824,139,171
203824,117,137
203824,113,142
203824,120,149
203825,107,146
203825,112,148
203825,144,146
203825,161,129
203825,169,129
203825,214,105
203825,250,101
203825,284,148
203825,159,666
203825,221,640
203825,352,369
203825,423,376
203825,501,297
203825,504,260
203825,499,227
203825,503,185
203825,504,173
203825,465,150
203825,437,131
203825,375,111
203825,347,94
203825,334,92
203826,306,71
203826,280,66
203826,228,54
203826,226,49
203826,197,40
203826,199,36
203826,221,39
203826,86,736
203826,137,874
203826,222,1051
203826,365,1079
203826,477,1079
203826,522,1079
203826,488,1079
203826,481,1079
203826,161,1079
203826,162,1079
203826,657,468
203826,582,397
203826,463,268
203826,438,225
203827,424,199
203827,412,170
203827,401,157
203827,408,145
203827,424,137
203827,477,135
203827,507,132
203827,522,111
203827,532,100
203827,534,83
203827,546,53
203827,564,0
203827,558,0
203827,452,368
203827,453,369
203827,403,678
203827,431,613
203827,491,401
203827,499,293
203827,531,88
203827,488,0
203828,475,0
203828,395,0
203828,289,0
203828,240,0
203828,151,0
203828,125,0
203828,108,0
203828,81,0
203828,80,0
203828,92,0
203828,112,0
203828,210,8
203828,264,19
203828,301,6
203828,301,6
203828,333,0
203828,359,0
203828,390,12
203828,398,17
203828,429,43
203828,419,62
203829,404,88
203829,401,88
203829,399,96
203829,385,99
203829,374,97
203829,366,95
203829,376,98
203829,393,101
203829,411,106
203829,474,122
203829,474,122
203829,541,131
203829,560,131
203829,558,100
203829,556,78
203829,581,53
203829,593,56
203829,644,73
203829,672,82
203829,693,90
203829,706,95
203829,719,98
203830,755,94
203830,778,82
203830,818,77
203830,821,85
203830,841,88
203830,864,92
203830,928,114
203830,970,124
203830,1009,134
203830,1037,140
203830,1092,155
203830,1116,160
203830,1153,160
203830,1186,155
203830,1195,157
203830,1219,158
203830,1228,161
203830,1222,159
203830,1219,159
203830,1216,159
203830,1220,158
203831,1223,156
203831,1223,152
203831,1217,144
203831,1218,144
203831,1236,149
203831,1247,153
203831,1299,164
203831,1325,171
203831,1367,184
203831,1367,184
203831,1390,184
203831,1403,185
203831,1455,188
203831,1486,186
203831,1529,185
203831,1550,183
203831,1577,183
203831,1582,185
203831,1594,193
203831,1602,202
203831,1607,206
203832,1600,212
203832,1599,209
203832,1580,203
203832,1539,193
203832,677,0
203832,586,0
203832,346,23
203832,295,49
203832,253,113
203832,202,159
203832,154,141
203832,149,131
203832,152,120
203832,165,126
203832,175,128
203832,182,130
203832,198,130
203832,228,138
203832,320,159
203832,371,166
203832,484,182
203832,500,175
203833,455,142
203833,418,123
203833,384,109
203833,297,89
203833,284,85
203833,304,92
203833,309,95
203833,307,96
203833,307,96
203833,279,87
203833,265,82
203833,244,74
203833,247,75
203833,252,76
203833,258,78
203833,269,84
203833,277,87
203833,288,93
203833,299,102
203833,302,111
203833,316,127
203834,317,144
203834,318,158
203834,317,188
203834,316,198
203834,318,209
203834,359,197
203834,384,187
203834,506,132
203834,560,100
203834,546,59
203834,541,51
203834,527,33
203834,527,33
203834,505,28
203834,494,21
203834,488,16
203834,495,9
203834,546,24
203834,597,31
203834,670,42
203834,693,48
203835,807,77
203835,979,122
203835,1030,138
203835,1027,143
203835,1037,147
203835,1045,150
203835,1182,177
203835,1221,186
203835,1243,195
203835,1281,212
203835,1312,218
203835,1358,225
203835,1364,220
203835,1367,208
203835,1365,206
203835,1365,201
203835,1362,204
203835,1287,190
203835,558,25
203835,509,18
203835,445,17
203835,379,34
203836,344,43
203836,306,89
203836,296,104
203836,277,120
203836,275,142
203836,280,147
203836,288,151
203836,313,159
203836,351,165
203836,457,183
203836,501,190
203836,490,189
203836,434,172
203836,410,167
203836,362,148
203836,349,147
203836,320,149
203836,318,159
203836,303,160
203836,292,164
203836,286,172
203837,293,168
203837,305,168
203837,333,171
203837,401,142
203837,445,138
203837,364,455
203837,379,485
203837,422,511
203837,559,560
203837,702,307
203837,813,298
203837,844,265
203837,994,248
203837,1075,233
203837,1147,203
203837,1274,173
203837,1311,156
203837,1335,134
203837,1344,119
203837,1332,118
203837,1320,103
203837,1316,107
203838,1304,93
203838,1297,91
203838,1296,89
203838,1303,86
203838,1311,81
203838,1341,86
203838,1366,89
203838,1371,89
203838,1384,88
203838,1392,85
203838,1401,88
203838,1418,87
203838,1419,86
203838,1409,84
203838,1399,82
203838,1368,76
203838,1355,75
203838,1328,70
203838,1318,69
203838,1306,68
203838,932,0
203839,718,5
203839,649,8
203839,549,28
203839,504,49
203839,445,64
203839,427,75
203839,412,81
203839,403,90
203839,395,89
203839,369,90
203839,368,92
203839,350,112
203839,341,126
203839,333,145
203839,331,143
203839,330,158
203839,330,164
203839,324,198
203839,323,207
203839,330,206
203839,329,207
203840,333,211
203840,335,211
203840,336,213
203840,354,210
203840,358,211
203840,370,206
203840,378,206
203840,226,852
203840,211,895
203840,205,965
203840,205,965
203840,223,1011
203840,177,992
203840,307,381
203840,309,355
203840,306,299
203840,299,292
203840,303,286
203840,294,284
203840,292,273
203840,291,263
203841,298,261
203841,304,253
203841,313,252
203841,324,247
203841,323,248
203841,319,247
203841,321,247
203841,422,247
203841,495,251
203841,604,254
203841,647,265
203841,789,276
203841,868,293
203841,997,326
203841,1045,339
203841,1132,341
203841,1196,348
203841,1210,349
203841,1251,336
203841,1266,323
203841,1220,304
203841,1159,288
203842,1030,250
203842,1030,250
203842,961,229
203842,930,223
203842,757,190
203842,687,184
203842,589,187
203842,559,205
203842,478,247
203842,443,281
203842,435,301
203842,429,308
203842,417,318
203842,399,340
203842,385,340
203842,390,346
203842,397,340
203842,402,338
203842,411,335
203842,437,334
203842,453,326
203843,496,308
203843,524,311
203843,535,321
203843,529,324
203843,519,349
203843,511,372
203843,507,385
203843,495,399
203843,485,398
203843,482,395
203843,462,391
203843,453,386
203843,452,380
203843,457,369
203843,472,323
203843,508,251
203843,528,222
203843,566,213
203843,582,202
203843,604,186
203843,607,172
203844,596,166
203844,582,161
203844,555,154
203844,467,130
203844,438,124
203844,409,116
203844,423,123
203844,454,132
203844,593,169
203844,667,197
203844,700,206
203844,727,220
203844,731,223
203844,762,238
203844,775,251
203844,791,260
203844,795,264
203844,789,265
203844,782,260
203844,781,260
203844,782,262
203844,785,259
203845,779,259
203845,831,268
203845,1122,335
203845,1197,360
203845,1226,374
203845,1247,380
203845,1304,390
203845,1316,391
203845,1342,383
203845,1355,374
203845,1080,302
203845,263,105
203845,247,124
203845,198,175
203845,138,260
203845,106,301
203845,70,345
203845,76,353
203845,77,337
203845,76,328
203845,81,292
203846,82,247
203846,89,225
203846,101,171
203846,113,147
203846,464,223
203846,511,244
203846,561,265
203846,577,276
203846,604,289
203846,635,298
203846,660,330
203846,655,351
203846,624,412
203846,603,448
203846,556,519
203846,522,553
203846,494,578
203846,477,588
203846,474,579
203846,469,564
203846,472,558
203847,474,530
203847,477,518
203847,475,504
203847,464,502
203847,450,497
203847,439,487
203847,398,480
203847,385,479
203847,982,614
203847,986,603
203847,1037,582
203847,1046,568
203847,1149,563
203847,1295,504
203847,1329,487
203847,1383,485
203847,1426,499
203847,1448,515
203847,1466,522
203847,1478,526
203847,1489,540
203848,1491,554
203848,1487,559
203848,1173,483
203848,699,366
203848,581,347
203848,544,383
203848,515,439
203848,513,468
203848,452,469
203848,472,491
203848,460,551
203848,453,633
203848,483,847
203848,1253,1079
203848,1274,1079
203848,1256,1079
203848,739,1079
203848,517,630
203848,221,461
203848,188,274
203848,159,212
203848,45,121
203849,0,92
203849,0,61
203849,0,41
203849,0,47
203849,0,21
203849,0,25
203849,0,31
203849,0,31
203849,0,34
203849,0,50
203849,0,53
203849,0,49
203849,0,45
203849,0,44
203849,0,53
203849,0,61
203849,28,57
203849,57,54
203849,106,54
203849,186,37
203849,233,39
203850,247,31
203850,278,8
203850,280,0
203850,302,0
203850,335,0
203850,444,0
203850,504,0
203850,564,0
203850,610,0
203850,649,0
203850,663,0
203850,665,0
203850,690,0
203850,715,0
203850,762,0
203850,794,0
203850,808,0
203850,829,0
203850,834,0
203850,856,0
203850,866,0
203851,899,0
203851,914,5
203851,921,9
203851,941,13
203851,946,16
203851,949,19
203851,932,34
203851,927,37
203851,918,31
203851,916,30
203851,914,39
203851,907,48
203851,901,51
203851,894,59
203851,890,59
203851,889,68
203851,892,76
203851,911,80
203851,939,87
203851,952,88
203851,937,84
203852,61,0
203852,60,0
203852,53,10
203852,47,34
203852,36,71
203852,20,107
203852,24,131
203852,108,194
203852,138,194
203852,194,204
203852,198,205
203852,229,211
203852,240,211
203852,255,215
203852,284,228
203852,319,237
203852,333,243
203852,376,255
203852,394,258
203852,419,263
203852,434,267
203852,456,270
203853,458,267
203853,461,262
203853,471,265
203853,457,305
203853,391,602
203853,717,663
203853,712,666
203853,795,341
203853,802,341
203853,812,337
203853,785,330
203853,777,314
203853,796,292
203853,816,283
203853,840,286
203853,854,291
203853,924,303
203853,949,307
203853,986,318
203853,1051,292
203853,1064,279
203854,1116,276
203854,1129,271
203854,1155,279
203854,1202,295
203854,1212,299
203854,1227,310
203854,1250,315
203854,1272,321
203854,1311,338
203854,1317,339
203854,1322,340
203854,1323,339
203854,1337,337
203854,1335,334
203854,1329,333
203854,1329,334
203854,1324,332
203854,1324,333
203854,1321,338
203854,1321,340
203854,1317,348
203855,1314,351
203855,1308,365
203855,1312,376
203855,1320,380
203855,1333,394
203855,1340,397
203855,1349,399
203855,1352,411
203855,1359,411
203855,1373,415
203855,1403,423
203855,1409,423
203855,1444,427
203855,1445,423
203855,1472,431
203855,1518,435
203855,1605,450
203855,1622,453
203855,1638,454
203855,1667,439
203855,1675,423
203855,1699,396
203856,1705,394
203856,1705,387
203856,1707,368
203856,1706,355
203856,1698,338
203856,1664,330
203856,743,116
203856,645,98
203856,582,95
203856,556,438
203856,554,492
203856,586,592
203856,604,634
203856,504,1079
203856,495,1079
203856,172,658
203856,169,625
203856,170,511
203856,150,460
203856,165,419
203856,179,389
203857,189,362
203857,198,270
203857,200,224
203857,235,181
203857,247,181
203857,279,189
203857,289,188
203857,311,198
203857,334,209
203857,350,204
203857,369,203
203857,396,204
203857,400,201
203857,401,199
203857,401,197
203857,401,199
203857,393,199
203857,385,198
203857,377,196
203857,374,195
203857,373,191
203858,373,187
203858,384,187
203858,438,182
203858,457,182
203858,520,191
203858,552,196
203858,572,203
203858,612,218
203858,604,222
203858,600,231
203858,603,229
203858,604,231
203858,611,232
203858,659,243
203858,720,254
203858,747,252
203858,816,255
203858,859,257
203858,893,262
203858,982,271
203858,1021,269
203858,1042,272
203859,1070,285
203859,1075,291
203859,1077,299
203859,1089,305
203859,1126,320
203859,1161,332
203859,1246,352
203859,1262,362
203859,1300,371
203859,1334,376
203859,1374,391
203859,1373,391
203859,1352,392
203859,1349,395
203859,1361,395
203859,1369,397
203859,1375,399
203859,1417,407
203859,1418,408
203859,1423,411
203859,1437,413
203900,1445,411
203900,1468,418
203900,1472,420
203900,1511,429
203900,1515,427
203900,1494,425
203900,933,297
203900,861,291
203900,695,293
203900,557,265
203900,298,258
203900,190,273
203900,164,352
203900,115,385
203900,131,393
203900,114,410
203900,121,416
203900,121,410
203900,128,407
203900,143,410
203900,157,418
203901,173,422
203901,194,428
203901,194,434
203901,205,440
203901,214,450
203901,226,457
203901,262,467
203901,280,473
203901,293,478
203901,311,480
203901,319,481
203901,339,474
203901,351,468
203901,368,476
203901,374,475
203901,394,457
203901,417,440
203901,426,427
203901,486,412
203901,532,403
203901,651,357
203902,702,351
203902,740,345
203902,800,324
203902,827,334
203902,835,338
203902,854,349
203902,859,353
203902,868,356
203902,872,359
203902,850,352
203902,852,350
203902,863,355
203902,904,367
203902,925,376
203902,954,385
203902,965,390
203902,971,393
203902,980,390
203902,982,393
203902,985,403
203902,977,419
203902,966,425
203903,955,419
203903,957,418
203903,971,419
203903,975,418
203903,1015,408
203903,1025,403
203903,1040,399
203903,1132,412
203903,1173,424
203903,1278,438
203903,1331,446
203903,1390,458
203903,1412,464
203903,1446,477
203903,1446,472
203903,1431,472
203903,1435,478
203903,1462,487
203903,1466,482
203903,1497,491
203903,1500,491
203904,1516,495
203904,1535,501
203904,1544,503
203904,1602,509
203904,1617,506
203904,1657,508
203904,1685,510
203904,1682,509
203904,817,316
203904,741,326
203904,655,334
203904,483,384
203904,407,401
203904,315,451
203904,283,478
203904,255,471
203904,250,472
203904,253,477
203904,252,477
203904,256,480
203904,261,480
203905,267,489
203905,283,491
203905,323,499
203905,377,508
203905,467,512
203905,520,506
203905,568,494
203905,652,429
203905,686,392
203905,901,374
203905,976,355
203905,1136,361
203905,1157,366
203905,1143,362
203905,1135,358
203905,1130,363
203905,1117,365
203905,932,1028
203905,917,1066
203905,917,1079
203905,928,1079
203905,912,1079
203906,885,1053
203906,883,732
203906,787,602
203906,769,549
203906,766,476
203906,734,426
203906,714,369
203906,711,364
203906,796,374
203906,796,374
203906,966,395
203906,1057,417
203906,1091,423
203906,1126,426
203906,1217,444
203906,1256,451
203906,1316,460
203906,1349,455
203906,1370,463
203906,1407,462
203906,1435,462
203907,1465,463
203907,1459,458
203907,1471,461
203907,1476,461
203907,1473,460
203907,1477,458
203907,1444,440
203907,1440,438
203907,1423,423
203907,1404,411
203907,1397,397
203907,1391,396
203907,1393,400
203907,1402,403
203907,1419,407
203907,1441,420
203907,1448,422
203907,1469,428
203907,1552,436
203907,1595,434
203907,808,244
203908,773,251
203908,672,264
203908,338,240
203908,315,240
203908,267,227
203908,262,225
203908,222,212
203908,196,206
203908,186,204
203908,205,207
203908,284,196
203908,368,197
203908,534,181
203908,593,174
203908,556,141
203908,526,137
203908,361,88
203908,290,70
203908,203,55
203908,139,40
203908,112,32
203908,100,26
203909,100,26
203909,102,21
203909,127,23
203909,155,30
203909,230,50
203909,373,89
203909,434,105
203909,482,134
203909,496,140
203909,539,153
203909,568,160
203909,591,154
203909,604,149
203909,612,137
203909,650,126
203909,673,119
203909,718,116
203909,735,110
203909,755,102
203909,784,84
203909,769,85
203910,761,84
203910,640,94
203910,553,123
203910,436,176
203910,426,192
203910,472,178
203910,486,172
203910,581,159
203910,581,159
203910,711,117
203910,789,73
203910,819,60
203910,835,61
203910,859,65
203910,869,74
203910,892,79
203910,903,84
203910,885,79
203910,850,84
203910,790,86
203910,687,107
203911,623,130
203911,529,165
203911,491,195
203911,439,214
203911,414,238
203911,434,240
203911,478,237
203911,539,247
203911,599,259
203911,715,278
203911,804,296
203911,1059,343
203911,1166,363
203911,1231,373
203911,1279,385
203911,1292,383
203911,1335,373
203911,1317,352
203911,1258,339
203911,1190,323
203911,1043,294
203912,966,284
203912,931,282
203912,894,284
203912,756,276
203912,668,267
203912,557,247
203912,518,241
203912,418,240
203912,387,259
203912,360,261
203912,348,308
203912,287,584
203912,612,634
203912,603,675
203912,544,1077
203912,579,1062
203912,621,1060
203912,678,1013
203912,775,897
203912,811,826
203912,889,717
203912,909,705
203913,932,655
203913,933,645
203913,938,589
203913,938,589
203913,941,554
203913,944,541
203913,938,523
203913,909,524
203913,802,512
203913,703,499
203913,555,485
203913,512,492
203913,470,500
203913,527,507
203913,571,517
203913,711,546
203913,796,564
203913,841,570
203913,1312,673
203913,1369,676
203913,1422,668
203914,1524,673
203914,1556,679
203914,1597,678
203914,1624,677
203914,1624,667
203914,1638,672
203914,1646,665
203914,1685,660
203914,1724,662
203914,1773,652
203914,1765,646
203914,1770,644
203914,1773,619
203914,1770,608
203914,1754,588
203914,1716,577
203914,1693,573
203914,1661,569
203914,1643,566
203914,1629,569
203914,1641,573
203914,1654,583
203915,1665,587
203915,1662,606
203915,1662,606
203915,1664,616
203915,1653,619
203915,1642,622
203915,1636,624
203915,1632,628
203915,1625,635
203915,1617,644
203915,1615,642
203915,1619,638
203915,1642,632
203915,1651,629
203915,1653,616
203915,1655,603
203915,1647,605
203915,1650,608
203915,1638,591
203915,1638,591
203915,896,417
203916,839,406
203916,725,386
203916,663,370
203916,560,341
203916,490,320
203916,381,273
203916,294,225
203916,271,219
203916,217,194
203916,212,177
203916,205,108
203916,188,96
203916,173,75
203916,149,44
203916,139,39
203916,143,40
203916,153,41
203916,152,43
203916,154,37
203916,154,39
203916,156,43
203917,154,49
203917,148,61
203917,124,74
203917,117,75
203917,91,81
203917,82,84
203917,62,84
203917,61,83
203917,69,82
203917,74,83
203917,93,88
203917,180,108
203917,263,124
203917,309,136
203917,396,152
203917,421,153
203917,480,153
203917,507,157
203917,539,163
203917,569,149
203917,590,143
203918,615,125
203918,620,112
203918,617,79
203918,611,61
203918,510,24
203918,439,7
203918,344,0
203918,224,0
203918,119,0
203918,106,0
203918,94,8
203918,105,29
203918,111,57
203918,114,63
203918,123,57
203918,150,59
203918,165,59
203918,176,51
203918,184,50
203918,195,48
203918,201,47
203918,271,45
203919,354,58
203919,454,38
203919,526,19
203919,573,4
203919,596,0
203919,617,0
203919,620,0
203919,629,5
203919,632,8
203919,627,8
203919,627,11
203919,636,15
203919,651,31
203919,668,39
203919,706,59
203919,721,66
203919,743,88
203919,763,91
203919,778,92
203919,790,93
203919,828,100
203920,837,98
203920,853,98
203920,856,103
203920,852,100
203920,847,102
203920,824,123
203920,739,137
203920,700,163
203920,636,190
203920,611,198
203920,589,200
203920,607,204
203920,619,197
203920,619,197
203920,647,195
203920,670,197
203920,714,195
203920,745,200
203920,763,190
203920,769,186
203920,760,182
203921,757,183
203921,724,178
203921,673,181
203921,631,186
203921,583,211
203921,564,225
203921,526,242
203921,516,253
203921,494,253
203921,494,253
203921,492,247
203921,486,242
203921,474,243
203921,470,247
203921,474,249
203921,479,252
203921,399,604
203921,401,675
203921,425,740
203921,413,782
203921,405,790
203922,419,769
203922,424,744
203922,430,701
203922,454,601
203922,457,550
203922,463,526
203922,472,471
203922,481,436
203922,499,397
203922,498,382
203922,511,376
203922,528,363
203922,559,333
203922,559,333
203922,571,321
203922,572,308
203922,581,308
203922,592,316
203922,633,326
203922,665,332
203922,702,336
203922,720,340
203923,768,337
203923,859,348
203923,921,365
203923,945,374
203923,943,370
203923,995,380
203923,1040,390
203923,1077,399
203923,1099,404
203923,1144,398
203923,1152,395
203923,1163,374
203923,1169,365
203923,1164,355
203923,1156,349
203923,1161,340
203923,1166,342
203923,1185,350
203923,1204,354
203923,909,288
203923,803,265
203924,757,262
203924,714,263
203924,659,266
203924,645,258
203924,638,257
203924,609,261
203924,585,266
203924,498,312
203924,484,317
203924,431,313
203924,423,319
203924,408,327
203924,409,336
203924,400,344
203924,399,356
203924,402,363
203924,404,361
203924,418,377
203924,432,387
203924,459,422
203924,467,426
203925,486,434
203925,566,451
203925,631,461
203925,721,472
203925,767,475
203925,783,447
203925,757,441
203925,751,432
203925,730,420
203925,636,374
203925,593,357
203925,518,320
203925,506,310
203925,478,291
203925,471,283
203925,459,262
203925,461,260
203925,460,255
203925,457,247
203925,456,243
203925,458,238
203925,462,240
203926,466,244
203926,467,263
203926,472,275
203926,465,289
203926,449,321
203926,435,331
203926,434,351
203926,435,356
203926,434,382
203926,425,408
203926,457,472
203926,457,472
203926,821,545
203926,866,554
203926,880,555
203926,889,555
203926,964,582
203926,1049,594
203926,1150,608
203926,1181,618
203926,1199,622
203927,1201,616
203927,1215,613
203927,1260,617
203927,1263,613
203927,1272,616
203927,1271,612
203927,1272,615
203927,1282,621
203927,1279,622
203927,1285,624
203927,1313,626
203927,1340,625
203927,1425,604
203927,1459,594
203927,1473,559
203927,1496,560
203927,1521,564
203927,1578,558
203927,1608,566
203927,1642,576
203927,1658,584
203928,1656,589
203928,1657,591
203928,1647,589
203928,1645,588
203928,1644,588
203928,1636,589
203928,1613,589
203928,1602,594
203928,1569,598
203928,1564,618
203928,1491,698
203928,1490,698
203928,1489,697
203928,1305,1079
203928,989,1066
203928,932,1079
203928,911,1064
203928,865,1079
203928,315,1079
203928,382,973
203928,138,555
203928,44,411
203929,44,313
203929,25,194
203929,43,166
203929,66,133
203929,72,131
203929,62,146
203929,52,151
203929,48,151
203929,58,150
203929,60,153
203929,55,154
203929,53,154
203929,47,151
203929,46,147
203929,43,137
203929,31,135
203929,71,105
203929,143,85
203929,284,78
203929,356,62
203929,697,165
203930,623,500
203930,702,569
203930,986,667
203930,854,1046
203930,894,687
203930,953,418
203930,932,386
203930,925,367
203930,902,349
203930,844,310
203930,845,278
203930,829,269
203930,784,243
203930,759,243
203930,661,227
203930,629,214
203930,578,198
203930,573,192
203930,573,182
203930,570,151
203930,570,141
203931,561,130
203931,552,131
203931,556,131
203931,556,127
203931,554,128
203931,553,132
203931,558,134
203931,566,135
203931,596,129
203931,610,128
203931,645,104
203931,669,104
203931,812,146
203931,887,167
203931,936,181
203931,992,222
203931,1007,245
203931,958,349
203931,934,388
203931,908,415
203931,818,471
203932,766,487
203932,737,503
203932,720,495
203932,708,485
203932,688,470
203932,681,467
203932,668,459
203932,660,459
203932,632,453
203932,593,445
203932,569,438
203932,560,442
203932,543,435
203932,533,431
203932,513,392
203932,501,366
203932,500,340
203932,498,326
203932,492,315
203932,494,292
203932,494,285
203932,500,273
203933,511,277
203933,571,285
203933,616,295
203933,718,318
203933,747,323
203933,771,328
203933,764,328
203933,733,354
203933,722,365
203933,654,396
203933,627,410
203933,581,446
203933,568,470
203933,553,492
203933,534,505
203933,516,508
203933,468,510
203933,490,502
203933,573,507
203933,648,507
203933,725,506
203934,848,484
203934,987,448
203934,1061,450
203934,1219,437
203934,1267,439
203934,1339,448
203934,1362,450
203934,1296,435
203934,1277,425
203934,1219,409
203934,1145,376
203934,1121,367
203934,1091,360
203934,1027,342
203934,987,333
203934,960,325
203934,924,320
203934,885,320
203934,781,319
203934,735,315
203934,666,324
203935,636,327
203935,617,332
203935,603,333
203935,566,326
203935,573,325
203935,594,326
203935,597,327
203935,643,334
203935,669,335
203935,715,332
203935,713,330
203935,702,325
203935,692,324
203935,679,318
203935,630,309
203935,613,305
203935,596,303
203935,576,304
203935,564,313
203935,594,327
203935,616,332
203935,711,356
203936,748,364
203936,772,372
203936,859,385
203936,873,383
203936,883,377
203936,892,377
203936,926,381
203936,908,379
203936,869,376
203936,827,366
203936,721,356
203936,662,348
203936,617,344
203936,622,343
203936,621,348
203936,612,342
203936,547,616
203936,559,658
203936,582,685
203936,612,695
203936,661,702
203937,686,646
203937,733,543
203937,732,500
203937,727,417
203937,704,396
203937,688,384
203937,685,350
203937,710,357
203937,747,365
203937,813,378
203937,857,396
203937,912,412
203937,924,414
203937,918,415
203937,947,422
203937,993,435
203937,1096,458
203937,1114,465
203937,1158,470
203937,1156,463
203937,1148,452
203937,1148,452
203938,1040,416
203938,956,392
203938,776,336
203938,725,318
203938,660,301
203938,629,295
203938,566,276
203938,555,265
203938,551,267
203938,535,265
203938,537,268
203938,555,276
203938,593,288
203938,706,313
203938,762,326
203938,792,331
203938,861,342
203938,908,338
203938,909,332
203938,921,329
203938,925,330
203939,1021,349
203939,1066,358
203939,1172,372
203939,1221,385
203939,1245,387
203939,1266,383
203939,618,235
203939,600,243
203939,582,240
203939,553,238
203939,492,243
203939,453,258
203939,422,288
203939,401,292
203939,397,304
203939,405,323
203939,412,332
203939,462,353
203939,474,362
203939,489,367
203939,488,361
203940,490,364
203940,483,368
203940,470,391
203940,461,401
203940,427,438
203940,410,464
203940,438,482
203940,482,495
203940,588,525
203940,674,549
203940,724,566
203940,763,577
203940,746,574
203940,731,564
203940,726,562
203940,723,560
203940,722,558
203940,682,549
203940,655,536
203940,569,481
203940,539,455
203940,495,407
203941,488,400
203941,473,373
203941,453,350
203941,439,328
203941,426,261
203941,427,221
203941,427,197
203941,443,153
203941,454,142
203941,518,138
203941,548,134
203941,592,133
203941,628,130
203941,662,133
203941,677,130
203941,686,129
203941,681,163
203941,666,197
203941,630,279
203941,630,279
203941,579,316
203942,551,325
203942,497,322
203942,482,330
203942,444,359
203942,430,377
203942,457,379
203942,498,381
203942,619,396
203942,766,408
203942,813,398
203942,849,391
203942,930,352
203942,947,350
203942,967,333
203942,952,333
203942,936,322
203942,938,313
203942,960,321
203942,1021,339
203942,1045,346
203942,1102,352
203942,1157,362
203943,1236,374
203943,1269,372
203943,1298,366
203943,1286,355
203943,1273,328
203943,1252,318
203943,1211,306
203943,1177,303
203943,1139,296
203943,1119,292
203943,1099,288
203943,1086,285
203943,1075,285
203943,1042,297
203943,1035,293
203943,1023,297
203943,1001,292
203943,1002,295
203943,991,303
203943,979,331
203943,980,341
203944,994,354
203944,1015,360
203944,1056,378
203944,1117,401
203944,1151,412
203944,1168,418
203944,1129,444
203944,1030,451
203944,736,441
203944,642,481
203944,611,496
203944,571,507
203944,490,513
203944,449,513
203944,453,515
203944,402,585
203944,402,577
203944,400,576
203944,340,853
203944,722,1079
203944,785,1079
203945,881,920
203945,881,920
203945,895,578
203945,594,497
203945,507,446
203945,463,432
203945,403,360
203945,433,344
203945,454,334
203945,458,322
203945,469,322
203945,480,336
203945,533,347
203945,664,378
203945,742,396
203945,796,400
203945,930,395
203945,955,387
203945,962,383
203945,1147,427
203945,1290,464
203945,1413,526
203946,1461,567
203946,1482,612
203946,1460,630
203946,1430,672
203946,1419,698
203946,1404,726
203946,1381,724
203946,1354,724
203946,1336,738
203946,1311,744
203946,1304,742
203946,1287,758
203946,1284,762
203946,1284,770
203946,1289,764
203946,1298,765
203946,1317,759
203946,1344,753
203946,1391,742
203946,1416,738
203946,1468,716
203947,1468,716
203947,1477,718
203947,1488,726
203947,1484,728
203947,1484,730
203947,1480,732
203947,1474,731
203947,1350,701
203947,1234,674
203947,1130,655
203947,1002,625
203947,955,617
203947,972,621
203947,987,624
203947,1013,633
203947,1048,643
203947,1090,653
203947,1132,664
203947,1214,693
203947,1249,703
203947,1280,711
203948,1296,723
203948,1313,730
203948,1318,734
203948,1336,751
203948,1339,758
203948,1347,762
203948,1353,768
203948,1353,770
203948,1356,778
203948,1356,775
203948,1353,775
203948,1353,773
203948,1353,774
203948,1350,772
203948,1353,772
203948,1340,768
203948,1333,771
203948,1328,770
203948,1324,772
203948,1327,772
203948,1337,771
203948,1337,771
203949,1365,770
203949,1383,774
203949,1423,777
203949,1460,764
203949,1511,750
203949,1502,752
203949,1516,739
203949,1528,720
203949,1527,723
203949,1525,722
203949,1527,720
203949,1527,714
203949,1525,716
203949,1522,717
203949,1528,720
203949,1549,720
203949,1549,720
203949,1562,722
203949,1563,727
203949,1545,724
203949,1540,723
203950,1532,725
203950,1518,721
203950,1486,714
203950,1461,709
203950,1458,711
203950,1463,717
203950,1472,723
203950,1410,884
203950,1336,1004
203950,1303,1052
203950,0,0
203950,0,0
203950,0,0
203950,0,0
203950,0,0
203950,0,0
203950,750,1079
203950,472,466
203950,393,394
203950,359,321
203950,368,239
203951,372,182
203951,309,118
203951,258,108
203951,200,91
203951,78,68
203951,34,65
203951,7,67
203951,0,69
203951,0,74
203951,0,111
203951,0,119
203951,0,138
203951,63,150
203951,243,197
203951,313,218
203951,387,238
203951,387,238
203951,262,684
203951,275,706
203951,344,709
203951,236,1079
203951,541,513
203952,583,493
203952,623,418
203952,642,343
203952,664,249
203952,669,184
203952,667,173
203952,672,163
203952,674,159
203952,662,168
203952,648,166
203952,634,160
203952,622,143
203952,620,128
203952,614,123
203952,604,114
203952,595,114
203952,580,105
203952,581,111
203952,577,127
203952,577,127
203952,605,143
203953,653,162
203953,684,172
203953,710,185
203953,733,204
203953,739,201
203953,768,211
203953,783,219
203953,802,230
203953,843,231
203953,851,228
203953,862,225
203953,847,222
203953,782,216
203953,719,212
203953,677,209
203953,638,205
203953,573,196
203953,561,199
203953,549,201
203953,550,202
203953,552,210
203954,557,213
203954,571,215
203954,572,215
203954,580,224
203954,581,229
203954,586,251
203954,584,270
203954,584,288
203954,584,296
203954,589,302
203954,596,298
203954,619,299
203954,677,289
203954,704,277
203954,737,269
203954,757,268
203954,801,283
203954,813,277
203954,831,277
203954,844,281
203954,881,289
203954,884,290
203955,891,293
203955,891,298
203955,924,318
203955,928,319
203955,980,338
203955,1044,360
203955,1127,377
203955,1172,388
203955,1190,408
203955,1153,422
203955,1035,451
203955,714,413
203955,651,434
203955,620,435
203955,588,419
203955,503,416
203955,487,414
203955,458,414
203955,443,410
203955,441,410
203955,447,418
203956,449,423
203956,449,420
203956,449,419
203956,459,415
203956,466,407
203956,467,401
203956,487,401
203956,514,402
203956,576,397
203956,603,381
203956,614,358
203956,606,357
203956,579,357
203956,550,354
203956,491,353
203956,465,360
203956,425,369
203956,420,374
203956,414,370
203956,438,367
203956,450,363
203956,498,342
203957,535,327
203957,584,329
203957,678,318
203957,725,319
203957,800,325
203957,830,338
203957,843,347
203957,817,367
203957,804,383
203957,741,390
203957,699,392
203957,587,410
203957,556,424
203957,532,429
203957,511,418
203957,519,432
203957,493,475
203957,470,593
203957,463,635
203957,457,584
203957,458,583
203958,476,506
203958,513,399
203958,537,346
203958,584,202
203958,603,169
203958,627,146
203958,672,149
203958,689,146
203958,699,159
203958,702,170
203958,710,174
203958,722,180
203958,727,184
203958,749,204
203958,752,220
203958,771,252
203958,779,269
203958,778,302
203958,761,336
203958,722,377
203958,676,415
203959,600,439
203959,553,441
203959,502,427
203959,486,421
203959,455,418
203959,426,410
203959,411,405
203959,398,396
203959,389,388
203959,376,377
203959,372,367
203959,376,362
203959,392,355
203959,430,360
203959,543,380
203959,686,415
203959,728,422
203959,775,431
203959,792,430
203959,761,426
203959,751,425
203959,695,427
204000,642,425
204000,577,411
204000,524,396
204000,503,401
204000,506,400
204000,515,417
204000,513,422
204000,499,425
204000,495,429
204000,496,438
204000,485,451
204000,477,460
204000,450,467
204000,438,477
204000,414,478
204000,685,560
204000,707,571
204000,760,581
204000,802,614
204000,828,625
204000,867,648
204001,898,653
204001,960,671
204001,1008,687
204001,1068,718
204001,1068,718
204001,1084,732
204001,1101,741
204001,1121,754
204001,1129,767
204001,1141,784
204001,1142,796
204001,1143,807
204001,1148,808
204001,1160,811
204001,1174,816
204001,1190,818
204001,1570,901
204001,1580,863
204001,1604,833
204001,1619,782
204001,1616,736
204002,1622,710
204002,1621,694
204002,1616,689
204002,1614,680
204002,1616,673
204002,1611,679
204002,1615,684
204002,1919,732
204002,1919,709
204002,1919,656
204002,1919,582
204002,1919,563
204002,1019,283
204002,961,279
204002,865,264
204002,791,262
204002,770,284
204002,656,310
204002,626,320
204002,582,311
204002,494,282
204002,492,280
204003,356,247
204003,294,234
204003,248,228
204003,229,222
204003,166,206
204003,120,200
204003,59,204
204003,43,203
204003,16,200
204003,13,214
204003,391,720
204003,383,708
204003,130,604
204003,576,401
204003,559,389
204003,529,335
204003,483,309
204003,425,252
204003,410,227
204003,419,194
204003,419,194
204004,428,152
204004,428,158
204004,449,159
204004,456,148
204004,488,130
204004,513,123
204004,569,122
204004,585,118
204004,623,103
204004,670,99
204004,699,99
204004,771,97
204004,793,102
204004,779,98
204004,779,100
204004,780,101
204004,777,101
204004,772,99
204004,763,96
204004,765,95
204004,761,96
204005,751,111
204005,747,118
204005,740,118
204005,742,121
204005,744,124
204005,756,127
204005,764,130
204005,799,132
204005,813,125
204005,863,119
204005,892,104
204005,917,82
204005,948,54
204005,948,55
204005,930,60
204005,817,62
204005,714,63
204005,580,94
204005,529,105
204005,495,134
204005,503,157
204005,503,166
204006,506,191
204006,511,193
204006,515,212
204006,515,224
204006,551,243
204006,591,251
204006,643,266
204006,728,282
204006,770,290
204006,864,304
204006,903,311
204006,922,312
204006,944,313
204006,937,311
204006,919,310
204006,885,311
204006,837,303
204006,740,300
204006,717,308
204006,670,313
204006,648,321
204007,625,331
204007,620,340
204007,607,361
204007,597,388
204007,585,414
204007,576,439
204007,563,455
204007,557,461
204007,549,485
204007,550,485
204007,552,485
204007,551,484
204007,551,480
204007,552,475
204007,550,472
204007,550,458
204007,555,446
204007,558,434
204007,556,426
204007,551,424
204007,561,429
204008,638,437
204008,755,469
204008,783,477
204008,907,509
204008,920,571
204008,888,608
204008,882,627
204008,855,657
204008,848,681
204008,835,704
204008,828,714
204008,826,716
204008,827,712
204008,840,709
204008,838,710
204008,841,710
204008,877,706
204008,889,703
204008,896,702
204008,895,704
204008,909,702
204009,914,703
204009,929,697
204009,930,691
204009,934,691
204009,934,689
204009,946,691
204009,951,695
204009,958,700
204009,950,704
204009,939,708
204009,907,715
204009,901,719
204009,1318,810
204009,1384,808
204009,1457,784
204009,1468,766
204009,1510,769
204009,1521,746
204009,1541,709
204009,1608,652
204009,1623,640
204010,1633,629
204010,1659,624
204010,1680,623
204010,1708,623
204010,1713,617
204010,1703,624
204010,1729,638
204010,1814,674
204010,0,0
204010,0,0
204010,0,0
204010,0,0
204010,1782,425
204010,1680,418
204010,1481,397
204010,1373,404
204010,1187,448
204010,998,477
204010,602,446
204010,567,437
204010,401,415
204010,354,402
204011,345,388
204011,282,364
204011,281,357
204011,249,338
204011,209,303
204011,106,241
204011,75,224
204011,66,188
204011,58,173
204011,49,156
204011,24,142
204011,30,142
204011,62,150
204011,158,166
204011,221,183
204011,264,273
204011,578,411
204011,568,454
204011,422,1079
204011,495,1079
204011,623,774
204012,713,462
204012,686,372
204012,643,341
204012,634,289
204012,655,273
204012,694,261
204012,706,263
204012,729,242
204012,726,248
204012,718,247
204012,713,248
204012,691,244
204012,684,237
204012,658,228
204012,590,205
204012,590,188
204012,592,167
204012,602,155
204012,621,129
204012,632,120
204012,659,115
204013,659,115
204013,734,100
204013,771,97
204013,852,106
204013,875,115
204013,904,122
204013,885,122
204013,861,170
204013,296,840
204013,301,782
204013,763,865
204013,419,769
204013,623,60
204013,628,59
204013,641,83
204013,662,83
204013,677,76
204013,677,76
204013,680,46
204013,697,40
204013,682,1
204014,660,0
204014,605,0
204014,563,0
204014,525,0
204014,499,0
204014,425,3
204014,419,68
204014,437,85
204014,536,94
204014,585,107
204014,715,138
204014,796,156
204014,842,174
204014,946,221
204014,990,228
204014,1025,244
204014,304,128
204014,279,186
204014,217,234
204014,195,233
204014,209,226
204014,322,238
204015,428,249
204015,694,267
204015,827,281
204015,928,273
204015,952,268
204015,1032,258
204015,1063,246
204015,1071,232
204015,1096,226
204015,1098,193
204015,1098,181
204015,1100,164
204015,1107,163
204015,1109,147
204015,1113,141
204015,1114,130
204015,1121,111
204015,1126,101
204015,1132,90
204015,1141,80
204015,1167,67
204016,516,0
204016,456,35
204016,313,198
204016,288,204
204016,289,198
204016,276,207
204016,289,210
204016,295,217
204016,298,221
204016,301,228
204016,308,228
204016,331,229
204016,343,226
204016,372,222
204016,392,218
204016,438,209
204016,454,203
204016,467,182
204016,471,172
204016,570,163
204016,672,177
204017,716,176
204017,817,199
204017,826,199
204017,866,212
204017,873,215
204017,874,213
204017,904,222
204017,916,225
204017,934,223
204017,969,223
204017,973,218
204017,997,223
204017,1039,234
204017,1103,253
204017,1111,256
204017,1135,263
204017,1135,263
204017,1206,286
204017,1199,286
204017,1191,292
204017,1187,291
204017,1155,297
204018,1143,295
204018,1080,283
204018,1081,282
204018,1088,285
204018,1097,286
204018,1104,292
204018,1151,310
204018,1167,318
204018,1173,323
204018,1251,336
204018,1300,347
204018,1338,356
204018,1405,376
204018,1439,391
204018,1444,418
204018,1434,425
204018,1420,421
204018,1360,402
204018,1190,357
204018,1190,357
204018,1015,300
204019,516,190
204019,464,200
204019,422,225
204019,304,256
204019,289,265
204019,285,269
204019,296,282
204019,302,310
204019,313,315
204019,320,315
204019,347,330
204019,389,340
204019,514,368
204019,569,381
204019,647,398
204019,647,398
204019,742,398
204019,767,391
204019,897,397
204019,972,410
204019,1059,406
204019,1078,403
204020,1115,406
204020,1192,426
204020,1331,449
204020,1442,442
204020,1471,432
204020,1508,386
204020,1527,368
204020,1522,368
204020,1259,318
204020,909,237
204020,848,225
204020,747,207
204020,702,199
204020,618,205
204020,556,213
204020,492,237
204020,487,254
204020,475,270
204020,451,317
204020,443,325
204020,429,345
204021,426,352
204021,427,372
204021,443,374
204021,458,393
204021,500,399
204021,519,400
204021,538,396
204021,547,384
204021,546,373
204021,580,350
204021,611,340
204021,673,311
204021,702,306
204021,735,302
204021,735,302
204021,768,306
204021,857,304
204021,915,305
204021,969,297
204021,1067,310
204021,1125,325
204022,1312,359
204022,1402,378
204022,1426,376
204022,1438,385
204022,1459,392
204022,1487,401
204022,1486,398
204022,1471,374
204022,1466,361
204022,1451,346
204022,1392,294
204022,1333,278
204022,1226,242
204022,1176,214
204022,1149,195
204022,705,103
204022,576,149
204022,422,322
204022,390,403
204022,370,438
204022,350,479
204023,361,490
204023,370,517
204023,378,503
204023,401,494
204023,417,496
204023,425,493
204023,423,492
204023,423,492
204023,810,582
204023,846,566
204023,886,544
204023,937,496
204023,940,479
204023,937,434
204023,916,415
204023,905,393
204023,879,349
204023,866,333
204023,786,307
204023,743,297
204023,616,267
204023,544,249
204024,497,240
204024,386,216
204024,339,207
204024,273,201
204024,270,204
204024,255,199
204024,253,199
204024,253,197
204024,268,197
204024,318,177
204024,401,183
204024,566,176
204024,616,169
204024,779,135
204024,806,134
204024,786,161
204024,773,162
204024,754,186
204024,731,232
204024,718,248
204024,658,260
204025,627,257
204025,590,254
204025,502,240
204025,465,240
204025,440,235
204025,416,233
204025,407,236
204025,412,344
204025,416,392
204025,452,516
204025,479,572
204025,541,620
204025,557,640
204025,573,663
204025,576,675
204025,597,681
204025,612,685
204025,628,695
204025,632,689
204025,630,694
204025,634,693
204026,629,688
204026,615,681
204026,607,676
204026,602,675
204026,598,676
204026,907,766
204026,899,759
204026,918,739
204026,975,706
204026,999,645
204026,1022,636
204026,1123,631
204026,1221,648
204026,1365,677
204026,1416,690
204026,1490,709
204026,1492,703
204026,1501,700
204026,1516,686
204026,1518,688
204026,1519,682
204026,1526,671
204027,1533,673
204027,1533,668
204027,1495,651
204027,1074,548
204027,922,473
204027,847,446
204027,719,410
204027,702,367
204027,601,324
204027,454,280
204027,272,219
204027,250,203
204027,170,154
204027,192,148
204027,183,145
204027,187,147
204027,179,137
204027,146,133
204027,33,102
204027,36,101
204027,11,95
204028,0,101
204028,0,107
204028,23,110
204028,38,108
204028,141,108
204028,178,108
204028,257,91
204028,338,87
204028,391,90
204028,317,375
204028,310,381
204028,315,394
204028,315,396
204028,511,727
204028,651,183
204028,662,185
204028,657,147
204028,639,113
204028,628,99
204028,554,66
204028,530,63
204029,499,69
204029,501,72
204029,491,80
204029,486,88
204029,480,94
204029,454,128
204029,446,139
204029,490,158
204029,546,176
204029,720,231
204029,765,251
204029,811,266
204029,878,289
204029,893,294
204029,899,304
204029,920,313
204029,925,315
204029,941,314
204029,945,317
204029,956,325
204029,937,335
204030,933,340
204030,914,338
204030,904,332
204030,882,332
204030,869,333
204030,849,327
204030,859,331
204030,867,333
204030,901,346
204030,913,350
204030,922,351
204030,1011,367
204030,1068,374
204030,1158,371
204030,1220,357
204030,1279,361
204030,1451,383
204030,1471,382
204030,1564,384
204030,1588,385
204030,1622,376
204030,1673,365
204031,1664,364
204031,706,148
204031,673,192
204031,627,202
204031,509,200
204031,460,209
204031,338,244
204031,339,255
204031,280,307
204031,261,313
204031,256,299
204031,257,302
204031,257,304
204031,259,309
204031,262,309
204031,268,306
204031,289,293
204031,302,294
204031,451,314
204031,545,323
204031,608,330
204032,736,321
204032,776,317
204032,842,303
204032,877,296
204032,898,313
204032,899,316
204032,898,318
204032,883,312
204032,878,311
204032,875,312
204032,869,317
204032,872,320
204032,876,326
204032,883,333
204032,891,340
204032,917,351
204032,945,356
204032,1012,371
204032,1042,378
204032,1062,383
204032,1089,392
204033,1101,394
204033,1113,394
204033,1117,389
204033,1121,389
204033,1184,395
204033,1255,398
204033,1369,391
204033,1429,377
204033,1521,357
204033,1536,341
204033,1542,342
204033,1578,343
204033,1565,341
204033,1081,232
204033,681,204
204033,624,212
204033,450,199
204033,381,199
204033,311,236
204033,280,284
204033,258,325
204033,235,362
204034,232,373
204034,248,382
204034,249,390
204034,249,393
204034,282,399
204034,314,401
204034,346,406
204034,404,414
204034,421,407
204034,425,404
204034,430,403
204034,503,389
204034,558,373
204034,604,366
204034,689,362
204034,703,363
204034,757,347
204034,779,330
204034,804,323
204034,824,318
204034,846,309
204035,912,306
204035,966,318
204035,985,315
204035,1074,336
204035,1085,343
204035,1147,382
204035,1069,656
204035,1074,659
204035,981,1079
204035,1079,874
204035,1119,878
204035,1182,869
204035,1209,840
204035,1223,781
204035,1252,730
204035,1276,652
204035,1281,619
204035,1286,589
204035,1287,576
204035,1286,557
204035,1277,536
204036,1269,524
204036,1244,491
204036,1214,466
204036,1196,441
204036,1162,409
204036,1150,390
204036,1137,386
204036,1157,357
204036,1166,341
204036,1207,344
204036,1228,338
204036,1296,337
204036,1347,345
204036,1433,354
204036,1535,350
204036,1569,353
204036,1541,347
204036,794,173
204036,772,192
204036,625,240
204036,545,250
204036,393,276
204037,324,287
204037,317,305
204037,309,340
204037,318,355
204037,331,365
204037,339,368
204037,370,370
204037,405,378
204037,422,384
204037,463,400
204037,501,413
204037,506,414
204037,544,426
204037,569,433
204037,709,459
204037,852,470
204037,1062,451
204037,1167,401
204037,1187,382
204037,1303,332
204037,1386,319
204038,1456,315
204038,1537,291
204038,1560,291
204038,907,186
204038,882,218
204038,842,263
204038,762,304
204038,710,324
204038,631,361
204038,581,373
204038,498,401
204038,475,405
204038,500,393
204038,543,386
204038,580,378
204038,678,350
204038,741,324
204038,902,309
204038,1422,334
204038,1457,296
204038,1476,264
204039,1452,229
204039,1423,227
204039,1269,205
204039,1181,186
204039,1007,150
204039,887,124
204039,747,104
204039,665,90
204039,595,72
204039,450,40
204039,404,34
204039,400,35
204039,358,34
204039,348,40
204039,341,64
204039,340,72
204039,344,133
204039,332,295
204039,371,400
204039,507,498
204039,596,499
204039,657,520
204040,681,573
204040,723,635
204040,731,665
204040,719,676
204040,713,663
204040,721,652
204040,722,649
204040,722,628
204040,727,618
204040,736,599
204040,743,577
204040,747,559
204040,739,544
204040,723,538
204040,612,525
204040,596,548
204040,584,596
204040,584,596
204040,587,604
204040,580,607
204040,579,613
204041,579,618
204041,571,627
204041,576,639
204041,595,638
204041,604,637
204041,666,634
204041,697,639
204041,699,643
204041,710,650
204041,705,650
204041,618,690
204041,602,692
204041,589,702
204041,577,703
204041,584,699
204041,1027,734
204041,1084,653
204041,1140,610
204041,1348,566
204041,1428,548
204041,1600,569
204042,1636,558
204042,1654,542
204042,1661,534
204042,1675,534
204042,1691,534
204042,1698,543
204042,1710,549
204042,1720,560
204042,1731,568
204042,1733,580
204042,1735,588
204042,1729,591
204042,1723,602
204042,1724,604
204042,1725,610
204042,1730,616
204042,1735,618
204042,1745,621
204042,1739,628
204042,1677,620
204042,1597,615
204042,956,475
204043,597,492
204043,499,467
204043,355,448
204043,329,448
204043,326,439
204043,291,428
204043,258,415
204043,236,380
204043,259,387
204043,190,686
204043,192,698
204043,514,778
204043,981,903
204043,965,861
204043,998,716
204043,1004,630
204043,1011,597
204043,1033,538
204043,1039,514
204043,1044,473
204043,1041,468
204044,1044,469
204044,1052,472
204044,1047,477
204044,1020,563
204044,645,834
204044,663,834
204044,1919,819
204044,0,0
204044,0,0
204044,0,0
204044,0,0
204044,0,0
204044,0,0
204044,0,0
204044,0,0
204044,0,0
204044,0,0
204044,0,0
204044,0,0
204044,0,0
204044,0,0
204045,0,0
204045,0,0
204045,0,0
204045,0,0
204045,0,0
204045,0,0
204045,0,0
204045,0,0
204045,0,0
204045,0,0
204045,0,0
204045,0,0
204045,0,0
204045,0,0
204045,0,0
204045,1317,450
204045,1266,464
204045,1167,480
204045,1106,360
204045,1135,353
204045,1141,351
204045,1146,336
204046,1150,328
204046,1155,317
204046,1162,319
204046,1151,330
204046,1150,360
204046,1154,409
204046,1152,426
204046,1132,501
204046,1164,554
204046,1208,615
204046,1139,710
204046,1133,713
204046,790,1079
204046,793,1079
204046,1042,1079
204046,1039,1079
204046,1098,1002
204046,1080,1026
204046,1018,890
204046,892,842
204046,928,487
204047,892,452
204047,891,439
204047,906,430
204047,915,390
204047,923,369
204047,940,352
204047,1398,494
204047,1714,580
204047,1693,643
204047,1737,726
204047,1767,818
204047,1782,856
204047,1794,866
204047,1799,872
204047,1799,889
204047,1807,889
204047,1805,901
204047,1805,901
204047,1533,834
204047,1001,696
204047,981,653
204048,945,599
204048,934,566
204048,953,435
204048,961,402
204048,981,374
204048,1014,342
204048,1029,330
204048,1078,315
204048,1107,332
204048,1220,361
204048,1310,367
204048,1342,364
204048,1401,325
204048,1431,308
204048,1449,298
204048,1463,310
204048,1487,313
204048,1516,312
204048,1524,287
204048,1618,313
204048,1659,351
204048,1668,378
204049,1645,435
204049,1627,441
204049,1600,480
204049,1565,482
204049,1515,478
204049,1346,454
204049,1285,445
204049,1148,480
204049,1184,623
204049,1081,1079
204049,1123,1079
204049,1289,1079
204049,1303,1079
204049,1245,1079
204049,0,0
204049,0,0
204049,0,0
204049,0,0
204049,0,0
204049,1013,734
204049,970,635
204050,911,533
204050,498,386
204050,426,370
204050,292,323
204050,187,304
204050,159,277
